A	4
R	-2	6
N	-2	-1	6
D	-2	-2	1	6
C	-1	-4	-3	-4	9
Q	-1	1	0	-1	-3	6
E	-1	0	-1	1	-5	2	5
G	0	-3	-1	-2	-3	-2	-3	6
H	-2	0	0	-1	-4	1	0	-2	8
I	-2	-3	-4	-4	-1	-3	-4	-5	-4	4
L	-2	-3	-4	-4	-2	-3	-4	-4	-3	1	4
K	-1	2	0	-1	-4	1	1	-2	-1	-3	-3	5
M	-1	-2	-3	-4	-2	0	-2	-3	-2	1	2	-2	6
F	-3	-3	-4	-4	-2	-4	-4	-4	-2	0	0	-4	0	6
P	-1	-2	-3	-2	-4	-2	-1	-3	-2	-3	-3	-1	-3	-4	8
S	1	-1	0	-1	-1	0	0	-1	-1	-3	-3	0	-2	-3	-1	5
T	0	-1	0	-1	-1	-1	-1	-2	-2	-1	-2	-1	-1	-2	-1	1	5
W	-3	-3	-4	-5	-3	-2	-4	-3	-2	-3	-2	-4	-2	1	-5	-3	-3	11
Y	-2	-2	-3	-4	-3	-2	-3	-4	2	-2	-1	-2	-2	3	-4	-2	-2	2	7
V	0	-3	-3	-4	-1	-2	-3	-4	-4	3	1	-3	1	-1	-3	-2	0	-3	-2	4